--Clear table

DELETE PICKUPCUSTOMERS CASCADE;

--Insert Statements For PICKUPCUSTOMER table

INSERT INTO PICKUPCUSTOMERS VALUES(00001,'Jack', 'Smith', 3456345339987098, 'JACK O SMITH', TO_DATE(20190807, 'YYYYMMDD'), '5510 Market Street', 'Philadelphia');
INSERT INTO PICKUPCUSTOMERS VALUES(00002,'Jack', 'Reiley', 5458395300987077, 'JACK REILEY', TO_DATE(20200907, 'YYYYMMDD'), 'Lawndawne Avenue', 'Philadelphia');
INSERT INTO PICKUPCUSTOMERS VALUES(00003,'Fred', 'Wisdom', 0299233217894567, 'FRED B WISDOM', TO_DATE(20170905, 'YYYYMMDD'), '35 Rice Town', 'New Jersey');
INSERT INTO PICKUPCUSTOMERS VALUES(00004,'Rita', 'Williams', 9899034500589033, 'RITA T WILLIAMS', TO_DATE(20190303, 'YYYYMMDD'), '3198 Chestnut Street', 'Philadelphia');
INSERT INTO PICKUPCUSTOMERS VALUES(00005,'Henry', 'Bush', 8458395979987077, 'HENRY BUSH', TO_DATE(20131212, 'YYYYMMDD'), 'Lawndawne Avenue', 'Philadelphia');
INSERT INTO PICKUPCUSTOMERS VALUES(00006,'Hyun', 'Li', 994899838298924, 'HYUN LI', TO_DATE(20180909, 'YYYYMMDD'), 'Errinton Close', 'New York');
INSERT INTO PICKUPCUSTOMERS VALUES(00007,'William', 'Oretunde', 3456987612091222, 'ORETUNDE O WILLIAM', TO_DATE(20140905, 'YYYYMMDD'), '45 Littleton Avenue', 'Chicago');
INSERT INTO PICKUPCUSTOMERS VALUES(00008,'Lisa', 'Johnson', 4565554544456676, 'LISA JOHNSON', TO_DATE(20120930, 'YYYYMMDD'), '5890 Spruce Street', 'Philadelphia');
INSERT INTO PICKUPCUSTOMERS VALUES(00009,'Ryan', 'Rising', 4658795305687058, 'RYAN RISING', TO_DATE(20140907, 'YYYYMMDD'), '914 Chestnut Street', 'New York');
INSERT INTO PICKUPCUSTOMERS VALUES(00010,'Jason', 'Beiber', 9087345677678900, 'JASON BEIBER', TO_DATE(20100107, 'YYYYMMDD'), 'Lawndawne Avenue', 'Philadelphia');
INSERT INTO PICKUPCUSTOMERS VALUES(00011,'Gozzo', 'Bizzar', 3456345339987098, 'GOZZON BIZZAR', TO_DATE(20190807, 'YYYYMMDD'), '5510 Market Street', 'Philadelphia');
INSERT INTO PICKUPCUSTOMERS VALUES(00012,'August', 'Herb', 5458395300987077, 'AUGUST HERB', TO_DATE(20200907, 'YYYYMMDD'), 'Lawndawne Avenue', 'Philadelphia');
INSERT INTO PICKUPCUSTOMERS VALUES(00013,'Kerry', 'Anan', 0299233217894567, 'KERRY ANAN', TO_DATE(20170905, 'YYYYMMDD'), '35 Rice Town', 'New Jersey');
INSERT INTO PICKUPCUSTOMERS VALUES(00014,'Courtney', 'Brasing', 1895034000509033, 'COURTNEY V BRASING', TO_DATE(20190303, 'YYYYMMDD'), '56 enterprise street', 'NewJersey');
INSERT INTO PICKUPCUSTOMERS VALUES(00015,'Wes', 'KEVYN', 6758395979987076, 'WES KEVYN', TO_DATE(20131212, 'YYYYMMDD'), 'Lawndawne Avenue', 'Philadelphia');
INSERT INTO PICKUPCUSTOMERS VALUES(00016,'Anne', 'Li', 84809838798424, 'ANNE LI', TO_DATE(20180909, 'YYYYMMDD'), 'Errinton Close', 'New York');
INSERT INTO PICKUPCUSTOMERS VALUES(00017,'Wynne', 'Calvin', 3456947612091252, 'WYNNE CALVIN', TO_DATE(20140905, 'YYYYMMDD'), '45 Littleton Avenue', 'Chicago');
INSERT INTO PICKUPCUSTOMERS VALUES(00018,'Braxton', 'Den', 3465554544356676, 'BRAXTON F DEN', TO_DATE(20120930, 'YYYYMMDD'), '56 Rugtown Close', 'Indianapolis');
INSERT INTO PICKUPCUSTOMERS VALUES(00019,'Will', 'Maurice', 4658794306687058, 'WILL MAURICE', TO_DATE(20161207, 'YYYYMMDD'), '914 Chestnut Street', 'New York');
INSERT INTO PICKUPCUSTOMERS VALUES(00020,'Jason', 'Isidore', 0087345600678900, 'JASON R ISIDORE', TO_DATE(20120107, 'YYYYMMDD'), '15th and Market Street', 'Philadelphia');


--Clear table

DELETE FRIENDS CASCADE;

--Insert statements for Friends table

INSERT INTO FRIENDS VALUES('official tjay', 00001, '8880 Market Street', 'incab', '13N 40E');
INSERT INTO FRIENDS VALUES('greg phil', 00001, '1980 Market Street', 'online', '40.55N 140W');
INSERT INTO FRIENDS VALUES('pod vader', 00002, 'LittleTown KOP', 'incab', '4.455N 40E');
INSERT INTO FRIENDS VALUES('anne droidd', 00002, '5980 Chestnut Street', 'online', '13.2455N 40E');
INSERT INTO FRIENDS VALUES('manya troublesome', 00002, '1880 Strawberry Avenue', 'online', '13.2455N 40E');
INSERT INTO FRIENDS(facebook_username, customer_id, address, status) VALUES('eric lerry', 00003, '9900 Chestnut Street', 'offline');
INSERT INTO FRIENDS(facebook_username, customer_id, address, status) VALUES('britney LovezCandy', 00004, '1880 Walnut Street', 'offline');
INSERT INTO FRIENDS(facebook_username, customer_id, address, status) VALUES('eJ deathByCrushing', 00004, 'Prountney Street', 'offline');
INSERT INTO FRIENDS(facebook_username, customer_id, address, status) VALUES('eric thomas', 00005, 'WestChester', 'offline');
INSERT INTO FRIENDS(facebook_username, customer_id, address, status) VALUES('Tom reiling', 00006, '9900 Chestnut Street', 'offline');
INSERT INTO FRIENDS(facebook_username, customer_id, address, status) VALUES('Richard White', 00007, 'Lawnsdorne Avenue', 'offline');
INSERT INTO FRIENDS VALUES('asian flare', 00007, 'Willingboro', 'incab', '15.37N 50.44E');
INSERT INTO FRIENDS VALUES('Nina Heinsworth', 00009, '1990 bluewaters hill', 'online', '40.55N 140W');
INSERT INTO FRIENDS VALUES('Rachael Lovely', 00011, 'LittleTown KOP', 'incab', '4.455N 20E');
INSERT INTO FRIENDS VALUES('Anonymous Ninja', 00011, '3rd Avenue and Revelton drive', 'online', '13.12N 34E');
INSERT INTO FRIENDS VALUES('Naomi Schwartz', 00011, 'ABC hill', 'online', '12.4455N 90W');
INSERT INTO FRIENDS(facebook_username, customer_id, status) VALUES('Charlie Richmond', 000012, 'offline');
INSERT INTO FRIENDS(facebook_username, customer_id, status) VALUES('George Squirrels', 000013, 'offline');
INSERT INTO FRIENDS(facebook_username, customer_id, status) VALUES('Leo Yoda', 000014, 'online');
INSERT INTO FRIENDS(facebook_username, customer_id, status) VALUES('Super Mario', 000016, 'online');


--Clear Table

DELETE VEHICLE CASCADE;

--Insert Statements for vehicle

INSERT INTO VEHICLE VALUES(001, 'ACURA', '4 door car', 'ilx', 2012, 'pass','FWK411');
INSERT INTO VEHICLE VALUES(002, 'Nissan', 'SUV', 'Rogue SL', 2016, 'pass','VCZ-9426');
INSERT INTO VEHICLE VALUES(003, 'Land Rover', 'SUV', 'Rover HSE', 2007, 'fail','AHE-8112');
INSERT INTO VEHICLE VALUES(004, 'KIA', '4 door car', 'Optima LX', 2015, 'pass','X54 5BL');
INSERT INTO VEHICLE VALUES(005, 'Land Rover', 'SUV', 'LR2 SE', 2012, 'pass','247-VVL');
INSERT INTO VEHICLE VALUES(006, 'ACURA', 'SUV', '3.7 Technology', 2007, 'pass','27C A46');
INSERT INTO VEHICLE VALUES(007, 'Cadillac', 'truck', 'ilx', 2012, 'pass','VFW-921');
INSERT INTO VEHICLE VALUES(008, 'Nissan', '2 door car', '370Z', 2014, 'fail','MNY-4579');
INSERT INTO VEHICLE VALUES(009, 'Toyota', '4 door car', 'Avalon', 2011, 'pass','WSN 721');
INSERT INTO VEHICLE VALUES(010, 'ACURA', '4 door car', 'TSX', 2009, 'pass','BIC 4633');
INSERT INTO VEHICLE VALUES(011, 'KIA', '4 door car', 'OPTIMA LX', 2015, 'pass','696-PQV');
INSERT INTO VEHICLE VALUES(012, 'Honda', '4 door car', 'civic', 2012, 'pass','JE5554');
INSERT INTO VEHICLE VALUES(013, 'Honda', 'SUV', 'Cross tour EX-L', 2014, 'pass','IFI 352');
INSERT INTO VEHICLE VALUES(014, 'Toyota', '4 door car', 'Corolla LE', 2015, 'pass','882YSM');
INSERT INTO VEHICLE VALUES(015, 'Nissan', '4 door car', 'altima', 2015, 'fail','AED 5348');
INSERT INTO VEHICLE VALUES(016, 'Land Rover', 'SUV', 'Discovery 4', 2000, 'fail','819-EOW');
INSERT INTO VEHICLE VALUES(017, 'Nissan', '4 door car', 'Sentra', 2010, 'pass','48H44V4');
INSERT INTO VEHICLE VALUES(018, 'ACURA', '4 door car', 'RL', 2008, 'fail','43F G98');
INSERT INTO VEHICLE VALUES(019, 'Nissan', '4 door car', 'Sentra 4', 2011, 'pass','2EV Z46');
INSERT INTO VEHICLE VALUES(020, 'Honda', '4 door car', 'Civic si', 2011, 'pass','WCD-2153');


--Clear Table

DELETE DRIVER CASCADE;

--Insert Statements for DRIVER Table

INSERT INTO DRIVER VALUES (10001, 'Rogers', 'Smith', 500, 6000.00, 001);
INSERT INTO DRIVER VALUES (10002, 'Sarah', 'Knight', 520, 6500.00, 002);
INSERT INTO DRIVER VALUES (10003, 'Amos', 'Lee', 360, 5500.00, 003);
INSERT INTO DRIVER VALUES (10004, 'Kimberly', 'Anderson', 650, 5000.00, 004);
INSERT INTO DRIVER VALUES (10005, 'Jack', 'Ford', 650, 5800.75, 005);
INSERT INTO DRIVER VALUES (10006, 'Luke', 'Lando', 500, 5000.25, 006);
INSERT INTO DRIVER VALUES (10007, 'Ali', 'Lorando', 600, 6600.00, 007);
INSERT INTO DRIVER VALUES (10008, 'Kim', 'Marly', 700, 6600.00, 008);
INSERT INTO DRIVER VALUES (10009, 'Ashely', 'Barns', 700, 6000.00, 009);
INSERT INTO DRIVER VALUES (10010, 'Ryan', 'Johnson', 800, 6600.00, 010);
INSERT INTO DRIVER VALUES (10011, 'Limao', 'Ke', 750, 5700.00, 011);
INSERT INTO DRIVER VALUES (10012, 'Branda', 'Mand', 800, 6000.25, 012);
INSERT INTO DRIVER VALUES (10013, 'Sharon', 'Gold', 790, 6700.00, 013);
INSERT INTO DRIVER VALUES (10014, 'Leslie', 'Dickson', 870, 6600.00, 014);
INSERT INTO DRIVER VALUES (10015, 'Erik', 'Ross', 760, 6500.00, 015);
INSERT INTO DRIVER VALUES (10016, 'Sun', 'Leeman', 650, 5600.00, 016);
INSERT INTO DRIVER VALUES (10017, 'Liam', 'Tran', 700, 5800.00, 017);
INSERT INTO DRIVER VALUES (10018, 'Andrew', 'Young', 870, 6400.00, 018);
INSERT INTO DRIVER VALUES (10019, 'Peter', 'Southam', 650, 5300.00, 019);
INSERT INTO DRIVER VALUES (10020, 'Ana', 'Cholson', 800, 6000.00, 020);


--Clear Table

DELETE LOCATION CASCADE;

--Insert Statements for Location Table

INSERT INTO LOCATION VALUES(20001, 00001, 15.48531, 98.80366, '01-NOV-2016 12:00:00 PM');
INSERT INTO LOCATION VALUES(20002, 00002, -36.41148, -69.08902, '01-NOV-2016 11:00:00 AM');
INSERT INTO LOCATION VALUES(20003, 00003, 48.92659, -0.74200, '01-NOV-2016 2:00:00 PM');
INSERT INTO LOCATION VALUES(20004, 00004, -11.47247, -49.71015, '01-NOV-2016 5:00:00 PM');
INSERT INTO LOCATION VALUES(20005, 00005, 45.62364, -65.27365, '01-NOV-2016 9:00:00 AM');
INSERT INTO LOCATION VALUES(20006, 00006, 34.27591, 95.08860, '02-NOV-2016 12:00:00 PM');
INSERT INTO LOCATION VALUES(20007, 00007, 39.99804, 63.07836, '02-NOV-2016 5:00:00 PM');
INSERT INTO LOCATION VALUES(20008, 00008, 47.47528, -97.35867, '02-NOV-2016 7:00:00 PM');
INSERT INTO LOCATION VALUES(20009, 00009, 38.04851, 115.02421, '03-NOV-2016 11:00:00 AM');
INSERT INTO LOCATION VALUES(20010, 00010, 60.96111, 93.50950, '03-NOV-2016 5:00:00 AM');
INSERT INTO LOCATION VALUES(20011, 00011, 1.35657, 15.03280, '04-NOV-2016 12:00:00 PM');
INSERT INTO LOCATION VALUES(20012, 00012, -5.37793, 139.41098, '04-NOV-2016 3:00:00 PM');
INSERT INTO LOCATION VALUES(20013, 00013, 55.41257, 62.33863, '04-NOV-2016 9:00:00 PM');
INSERT INTO LOCATION VALUES(20014, 00014, 41.94471, -109.07666, '05-NOV-2016 11:00:00 PM');
INSERT INTO LOCATION VALUES(20015, 00015, -32.05104, 142.68771, '05-NOV-2016 2:00:00 PM');
INSERT INTO LOCATION VALUES(20016, 00016, -44.33663, -71.96875, '06-NOV-2016 12:00:00 PM');
INSERT INTO LOCATION VALUES(20017, 00017, 42.51886, 68.76698, '07-NOV-2016 10:00:00 PM');
INSERT INTO LOCATION VALUES(20018, 00018, 11.51547, 40.93715, '08-NOV-2016 12:00:00 AM');
INSERT INTO LOCATION VALUES(20019, 00019, 25.42286, 31.00028, '09-NOV-2016 6:00:00 AM');
INSERT INTO LOCATION VALUES(20020, 00020, -18.27178, -40.47438, '10-NOV-2016 4:00:00 AM');


--Clear table

DELETE RESERVATION CASCADE;

--Insert Statements for Reservation Table

INSERT INTO RESERVATION VALUES (30001, 00001, 10001, '01-NOV-2016 12:15:00 PM', '01-NOV-2016', '01-NOV-2016 12:00:00 PM');
INSERT INTO RESERVATION VALUES (30002, 00002, 10002, '01-NOV-2016 11:15:00 AM', '01-NOV-2016', '01-NOV-2016 11:00:00 AM');
INSERT INTO RESERVATION VALUES (30003, 00003, 10003, '01-NOV-2016 2:15:00 PM', '01-NOV-2016', '01-NOV-2016 2:00:00 PM');
INSERT INTO RESERVATION VALUES (30004, 00004, 10004, '01-NOV-2016 5:15:00 PM', '01-NOV-2016', '01-NOV-2016 5:00:00 PM');
INSERT INTO RESERVATION VALUES (30005, 00005, 10005, '01-NOV-2016 9:15:00 AM', '01-NOV-2016', '01-NOV-2016 9:00:00 AM');
INSERT INTO RESERVATION VALUES (30006, 00006, 10006, '02-NOV-2016 12:15:00 PM', '02-NOV-2016', '02-NOV-2016 12:00:00 PM');
INSERT INTO RESERVATION VALUES (30007, 00007, 10007, '02-NOV-2016 5:15:00 PM', '02-NOV-2016', '02-NOV-2016 5:00:00 PM');
INSERT INTO RESERVATION VALUES (30008, 00008, 10008, '02-NOV-2016 7:15:00 PM', '02-NOV-2016', '02-NOV-2016 7:00:00 PM');
INSERT INTO RESERVATION VALUES (30009, 00009, 10009, '03-NOV-2016 11:15:00 AM', '03-NOV-2016', '03-NOV-2016 11:00:00 AM');
INSERT INTO RESERVATION VALUES (30010, 00010, 10010, '03-NOV-2016 5:15:00 PM', '03-NOV-2016', '03-NOV-2016 5:00:00 AM');
INSERT INTO RESERVATION VALUES (30011, 00011, 10011, '04-NOV-2016 12:15:00 PM', '04-NOV-2016', '04-NOV-2016 12:00:00 PM');
INSERT INTO RESERVATION VALUES (30012, 00012, 10012, '04-NOV-2016 3:15:00 PM', '04-NOV-2016', '04-NOV-2016 3:00:00 PM');
INSERT INTO RESERVATION VALUES (30013, 00013, 10013, '04-NOV-2016 9:15:00 PM', '04-NOV-2016', '04-NOV-2016 9:00:00 PM');
INSERT INTO RESERVATION VALUES (30014, 00014, 10014, '05-NOV-2016 11:15:00 PM', '05-NOV-2016', '05-NOV-2016 11:00:00 PM');
INSERT INTO RESERVATION VALUES (30015, 00015, 10015, '05-NOV-2016 2:15:00 PM', '05-NOV-2016', '05-NOV-2016 2:00:00 PM');
INSERT INTO RESERVATION VALUES (30016, 00016, 10016, '06-NOV-2016 12:15:00 PM', '06-NOV-2016', '06-NOV-2016 12:00:00 PM');
INSERT INTO RESERVATION VALUES (30017, 00017, 10017, '07-NOV-2016 10:15:00 PM', '07-NOV-2016', '07-NOV-2016 10:00:00 PM');
INSERT INTO RESERVATION VALUES (30018, 00018, 10018, '08-NOV-2016 11:15:00 AM', '08-NOV-2016', '08-NOV-2016 12:00:00 AM');
INSERT INTO RESERVATION VALUES (30019, 00019, 10019, '09-NOV-2016 6:15:00 AM', '09-NOV-2016', '09-NOV-2016 6:00:00 AM');
INSERT INTO RESERVATION VALUES (30020, 00020, 10020, '10-NOV-2016 4:15:00 PM', '10-NOV-2016', '10-NOV-2016 4:00:00 AM');
INSERT INTO RESERVATION VALUES (30021, 00020, 10020, '11-NOV-2016 4:15:00 PM', '11-NOV-2016', '11-NOV-2016 4:00:00 AM');

--Clear table

DELETE TRIP CASCADE;

--Insert Statements for Trip Table

INSERT INTO TRIP VALUES (60001, 30001, 10001, 00001, '20001', '20008', '01-NOV-2016 12:00:00 PM', '01-NOV-2016 12:10:00 PM', 8.00);
INSERT INTO TRIP VALUES (60002, 30002, 10002, 00002, '20002', '20015', '01-NOV-2016 11:00:00 AM', '01-NOV-2016 11:22:00 AM', 10.00);
INSERT INTO TRIP VALUES (60003, 30003, 10003, 00003, '20003', '20001', '01-NOV-2016 2:00:00 PM', '01-NOV-2016 2:08:00 PM', 12.00);
INSERT INTO TRIP VALUES (60004, 30004, 10004, 00003, '20004', '20009', '01-NOV-2016 5:00:00 PM', '01-NOV-2016 5:07:00 PM', 11.10);
INSERT INTO TRIP VALUES (60005, 30005, 10005, 00003, '20005', '20016', '01-NOV-2016 9:00:00 AM', '01-NOV-2016 9:09:00 AM', 7.00);
INSERT INTO TRIP VALUES (60006, 30006, 10006, 00003, '20006', '20002', '02-NOV-2016 12:00:00 PM', '02-NOV-2016 12:18:00 PM', 6.15);
INSERT INTO TRIP VALUES (60007, 30007, 10007, 00007, '20007', '20017', '02-NOV-2016 5:00:00 PM', '02-NOV-2016 5:20:00 PM', 17.00);
INSERT INTO TRIP VALUES (60008, 30008, 10008, 00008, '20008', '20018', '02-NOV-2016 7:00:00 PM', '02-NOV-2016 7:24:00 PM', 20.00);
INSERT INTO TRIP VALUES (60009, 30009, 10009, 00009, '20009', '20007', '03-NOV-2016 11:00:00 AM', '03-NOV-2016 11:06:00 AM', 5.16);
INSERT INTO TRIP VALUES (60010, 30010, 10010, 00010, '20010', '20010', '03-NOV-2016 5:00:00 AM', '03-NOV-2016 5:12:00 AM', 5.55);
INSERT INTO TRIP VALUES (60011, 30011, 10011, 00011, '20011', '20011', '04-NOV-2016 12:00:00 PM', '04-NOV-2016 12:17:00 PM', 6.04);
INSERT INTO TRIP VALUES (60012, 30012, 10012, 00012, '20012', '20006', '04-NOV-2016 3:00:00 PM', '04-NOV-2016 3:19:00 PM', 16.13);
INSERT INTO TRIP VALUES (60013, 30013, 10013, 00013, '20013', '20019', '04-NOV-2016 9:00:00 PM', '04-NOV-2016 9:10:00 PM', 13.45);
INSERT INTO TRIP VALUES (60014, 30014, 10014, 00014, '20014', '20003', '05-NOV-2016 11:00:00 PM', '05-NOV-2016 11:08:00 PM', 16.60);
INSERT INTO TRIP VALUES (60015, 30015, 10015, 00015, '20015', '20020', '05-NOV-2016 2:00:00 PM', '05-NOV-2016 2:28:00 PM', 13.00);
INSERT INTO TRIP VALUES (60016, 30016, 10016, 00016, '20016', '20014', '06-NOV-2016 12:00:00 PM', '06-NOV-2016 12:13:00 PM', 7.07);
INSERT INTO TRIP VALUES (60017, 30017, 10017, 00017, '20017', '20012', '07-NOV-2016 10:00:00 PM', '07-NOV-2016 10:08:00 PM', 8.88);
INSERT INTO TRIP VALUES (60018, 30018, 10019, 00018, '20018', '20004', '08-NOV-2016 12:00:00 AM', '08-NOV-2016 12:14:00 AM', 6.58);
INSERT INTO TRIP VALUES (60019, 30019, 10019, 00019, '20019', '20013', '09-NOV-2016 6:00:00 AM', '09-NOV-2016 6:19:00 AM', 12.28);
INSERT INTO TRIP VALUES (60020, 30020, 10020, 00020, '20020', '20005', '10-NOV-2016 4:00:00 AM', '10-NOV-2016 4:24:00 AM', 6.65);


--Clear Table

DELETE INCIDENT CASCADE;

--Insert Statements for Incident Table

INSERT INTO INCIDENT VALUES (30001, 10008, 00003, 10000001, 'GEICO', 'INCIDENT #1', 41110, 3);
INSERT INTO INCIDENT VALUES (30002, 10010, 00007, 10000002, 'GEICO', 'INCIDENT #2', 41111, 2);
INSERT INTO INCIDENT VALUES (30003, 10014, 00009, 10000003, 'GEICO', 'INCIDENT #3', 41112, 5);
INSERT INTO INCIDENT VALUES (30004, 10003, 00016, 10000004, 'GEICO', 'INCIDENT #4', 41113, 4);
INSERT INTO INCIDENT VALUES (30005, 10004, 00001, 10000005, 'GEICO', 'INCIDENT #5', 41114, 1);
INSERT INTO INCIDENT VALUES (30006, 10004, 00001, 10000006, 'GEICO', 'INCIDENT #6', 41115, 1);

--Clear table

DELETE LOYALTY_PROGRAM CASCADE;

--Insert Statements for Loyalty_Program Table

INSERT INTO LOYALTY_PROGRAM VALUES (40001, 00001, 'Prefers driver 10007', '4 door car', 500, 'Extra 100 points per trip');
INSERT INTO LOYALTY_PROGRAM VALUES (40002, 00002, 'Prefers driver 10003', '2 door car', 1000, '$10 off next ride');
INSERT INTO LOYALTY_PROGRAM VALUES (40003, 00003, 'Prefers driver 10001', 'SUV', 200, 'None');
INSERT INTO LOYALTY_PROGRAM VALUES (40004, 00004, 'Prefers driver 10009', '4 door car', 3000, 'None');
INSERT INTO LOYALTY_PROGRAM VALUES (40005, 00005, 'Prefers driver 10020', '2 door car', 900, '$10 off next ride');
INSERT INTO LOYALTY_PROGRAM VALUES (40006, 00006, 'Prefers driver 10006', '2 door car', 700, 'None');
INSERT INTO LOYALTY_PROGRAM VALUES (40007, 00007, 'Prefers driver 10018', '4 door car', 1200, 'Extra 100 points per trip');
INSERT INTO LOYALTY_PROGRAM VALUES (40008, 00008, 'Prefers driver 10019', 'SUV', 2100, '$10 off next ride');
INSERT INTO LOYALTY_PROGRAM VALUES (40009, 00009, 'Prefers driver 10014', '4 door car', 6000, 'None');
INSERT INTO LOYALTY_PROGRAM VALUES (40010, 00010, 'Prefers driver 10003', '2 door car', 5400, 'None');
INSERT INTO LOYALTY_PROGRAM VALUES (40011, 00011, 'Prefers driver 10002', '4 door car', 1600, 'None');
INSERT INTO LOYALTY_PROGRAM VALUES (40012, 00012, 'Prefers driver 10012', '4 door car', 3700, 'Extra 100 points per trip');
INSERT INTO LOYALTY_PROGRAM VALUES (40013, 00013, 'Prefers driver 10004', 'SUV', 100, '$10 off next ride');
INSERT INTO LOYALTY_PROGRAM VALUES (40014, 00014, 'Prefers driver 10001', '4 door car', 400, 'None');
INSERT INTO LOYALTY_PROGRAM VALUES (40015, 00015, 'Prefers driver 10005', '4 door car', 600, 'Extra 100 points per trip');
INSERT INTO LOYALTY_PROGRAM VALUES (40016, 00016, 'Prefers driver 10017', '2 door car', 1900, '$10 off next ride');
INSERT INTO LOYALTY_PROGRAM VALUES (40017, 00017, 'Prefers driver 10011', 'SUV', 2700, 'Extra 100 points per trip');
INSERT INTO LOYALTY_PROGRAM VALUES (40018, 00018, 'Prefers driver 10008', '4 door car', 3600, 'None');
INSERT INTO LOYALTY_PROGRAM VALUES (40019, 00019, 'Prefers driver 10018', '2 door car', 5000, 'Extra 100 points per trip');
INSERT INTO LOYALTY_PROGRAM VALUES (40020, 00020, 'Prefers driver 10020', '2 door car', 0, '$10 off next ride');